Epoch,Train Loss,Train Acc,Val Loss,Val Acc
1,0.858940735064133,0.6684867394695788,0.6264265546932607,0.7722308892355694
2,0.5329556157362071,0.8057722308892356,0.5645435451182672,0.7909516380655226
3,0.4142484889945448,0.8471138845553822,0.4869039425053946,0.8237129485179407
4,0.34590115161051804,0.8767550702028081,0.4157107921663015,0.859594383775351
5,0.26697973607110903,0.9009360374414976,0.3968252107129082,0.8673946957878315
6,0.2128657209113031,0.9239469578783152,0.39222239985969065,0.8658346333853354
7,0.17933804470923687,0.9379875195007801,0.38112574131206234,0.8736349453978159
8,0.14553041249374146,0.9457878315132605,0.38062222191828554,0.8720748829953198
9,0.11256955974036464,0.9629485179407177,0.42387724295403817,0.8673946957878315
