Epoch,Train Loss,Train Acc,Val Loss,Val Acc
1,0.9075563069252811,0.6595163806552262,0.6448184010019169,0.7737909516380655
2,0.5660942495334167,0.7847113884555382,0.542811073699905,0.8034321372854915
3,0.44084987762658717,0.8416536661466458,0.4698699246656132,0.8299531981279251
4,0.36018636543739607,0.8712948517940717,0.442175646456374,0.8549141965678627
5,0.2914572505980684,0.890405616224649,0.4156290972242117,0.8642745709828393
6,0.24653132517884563,0.9114664586583463,0.4554859698225574,0.8533541341653667
7,0.22177412144711905,0.9196567862714509,0.5024098855778923,0.8673946957878315
8,0.1548312039240939,0.9430577223088924,0.4699669430575765,0.8658346333853354
9,0.10635541600295795,0.9609984399375975,0.532452336138742,0.8549141965678627
