Epoch,Train Loss,Train Acc,Val Loss,Val Acc
1,0.9374652660209192,0.6493759750390016,0.6456795373870504,0.7691107644305772
2,0.5499654385303372,0.8096723868954758,0.5383071566288259,0.8034321372854915
3,0.4243898493079425,0.8553042121684867,0.4681842833780647,0.8174726989079563
4,0.3721568142754053,0.8611544461778471,0.4245909219564123,0.8424336973478939
5,0.29269809767534133,0.8978159126365055,0.43090942769359314,0.828393135725429
6,0.27791831850447635,0.8993759750390016,0.45984376162616025,0.8393135725429017
