Epoch,Train Loss,Train Acc,Val Loss,Val Acc
1,0.8630488226640615,0.671606864274571,0.6445318341441162,0.7753510140405616
2,0.5293159671767081,0.8120124804992199,0.5348895789587553,0.8065522620904836
3,0.40944353605122213,0.8482839313572543,0.4614686179272656,0.8237129485179407
4,0.33026423910850666,0.8810452418096724,0.49133800184601184,0.8393135725429017
5,0.2944149896153794,0.891575663026521,0.42907339446072273,0.859594383775351
6,0.2158680856925277,0.9243369734789392,0.3819371242767749,0.8705148205928237
7,0.17294470637211468,0.9395475819032761,0.4396692600723083,0.8658346333853354
8,0.1430068572811701,0.9485179407176287,0.4371192380146657,0.8658346333853354
