Epoch,Train Loss,Train Acc,Val Loss,Val Acc
1,0.9036962577954004,0.6517160686427457,0.6506625054035098,0.7800312012480499
2,0.5616144178066165,0.8003120124804992,0.5660759138056715,0.797191887675507
3,0.45494669582840064,0.8377535101404057,0.4666154004761284,0.8315132605304212
4,0.378418218234028,0.8673946957878315,0.4494916100211895,0.8330733229329174
5,0.32918885620761307,0.8728549141965679,0.4462497117994542,0.8377535101404057
6,0.27429046410364033,0.8974258970358814,0.40481515836650606,0.8642745709828393
7,0.21800069535345815,0.921996879875195,0.4750533524563597,0.858034321372855
8,0.185161948453943,0.9278471138845554,0.46344505112135836,0.8611544461778471
