Epoch,Train Loss,Train Acc,Val Loss,Val Acc
1,0.9375072368500571,0.6513260530421217,0.6410808314027355,0.7597503900156006
2,0.5490604622315691,0.8073322932917316,0.5381371299627232,0.8065522620904836
3,0.4254358017035468,0.8467238689547582,0.4675092787689612,0.8221528861154446
4,0.3614833015547528,0.8670046801872074,0.43640899056693694,0.8346333853354134
5,0.29759297058474443,0.891965678627145,0.4173672544695844,0.8455538221528861
6,0.28264458344990673,0.890405616224649,0.4466298262293737,0.84399375975039
7,0.22974797097643526,0.9177067082683308,0.4295465769464159,0.84399375975039
