Epoch,Train Loss,Train Acc,Val Loss,Val Acc
1,0.6885230245530698,0.7554602184087363,1.2402970771335775,0.6536661466458659
2,0.4771073459649049,0.8393135725429017,0.5227711981803272,0.8143525741029641
3,0.45458571829029626,0.8404836193447738,0.39212288843488174,0.875195007800312
4,0.3345236496508772,0.8892355694227769,0.380035830375429,0.875195007800312
5,0.4009823766587863,0.8670046801872074,0.3688943345045566,0.8892355694227769
6,0.2637206342030613,0.9091263650546022,0.3775985893337913,0.8642745709828393
7,0.29904781656220625,0.8997659906396256,0.5039649512647839,0.858034321372855
