Epoch,Train Loss,Train Acc,Val Loss,Val Acc
1,0.7290947063478777,0.7402496099843994,0.6626206221968494,0.7581903276131046
2,0.48165167672864734,0.8381435257410297,0.5443805097231813,0.7925117004680188
3,0.3950045140875669,0.8603744149765991,0.4567042451516061,0.8299531981279251
4,0.36494056269084796,0.8716848673946958,0.35946863509646315,0.8861154446177847
5,0.372233995502341,0.875585023400936,0.4458286837847575,0.8517940717628705
6,0.3773352421948021,0.8638845553822153,0.3478616011792477,0.8689547581903276
