Epoch,Train Loss,Train Acc,Val Loss,Val Acc
1,0.6805795754731724,0.7601404056162246,0.7359598244594151,0.7722308892355694
2,0.4738815355226514,0.8264430577223089,0.5702757232197904,0.7862714508580343
3,0.44210852457097094,0.8568642745709828,0.5265213901092779,0.8455538221528861
4,0.393013593838107,0.8662246489859594,0.44708918353510724,0.8517940717628705
5,0.3567096610523051,0.8790951638065523,0.40469158004733985,0.8642745709828393
6,0.30920633194785035,0.8985959438377535,0.35063465634671837,0.8798751950078003
7,0.25379669694186374,0.9157566302652106,0.32599856735856597,0.8876755070202809
8,0.2819839328201996,0.9052262090483619,0.35829035533147513,0.8642745709828393
9,0.21180305130236352,0.9258970358814352,0.3267874930536319,0.8845553822152886
